timestamp_unix,elapsed_s,recall_at_k,qps,p50_ms,p95_ms,p99_ms,error_count,fault_active,fault_type,replication_factor
1778032538.9036973,0.302,1.0,50.0,9.993,14.065,17.259,0,0,kill,3
1778032539.207091,0.606,1.0,50.0,12.59,13.564,13.586,0,0,kill,3
1778032539.509205,0.908,1.0,50.0,11.485,11.955,12.461,0,0,kill,3
1778032539.8109477,1.21,1.0,50.0,11.439,12.567,12.582,0,0,kill,3
1778032540.1123936,1.511,1.0,50.0,10.124,11.672,11.821,0,0,kill,3
1778032540.4138145,1.812,0.993333,50.0,12.664,13.454,13.471,0,0,kill,3
1778032540.7158275,2.115,1.0,50.0,12.37,13.522,13.795,0,0,kill,3
1778032541.017498,2.416,1.0,50.0,12.77,13.436,13.508,0,0,kill,3
1778032541.3191178,2.718,1.0,50.0,12.531,13.54,13.57,0,0,kill,3
1778032541.6212087,3.02,0.993333,50.0,12.437,13.891,13.93,0,0,kill,3
1778032541.9231808,3.322,1.0,50.0,13.076,13.867,13.984,0,0,kill,3
1778032542.2253845,3.624,1.0,50.0,13.063,14.319,14.686,0,0,kill,3
1778032542.5276415,3.926,1.0,50.0,13.016,13.821,14.036,0,0,kill,3
1778032542.8292878,4.228,1.0,50.0,12.889,13.125,13.133,0,0,kill,3
1778032543.1309326,4.53,1.0,50.0,12.865,13.24,13.351,0,0,kill,3
1778032543.4324548,4.831,1.0,50.0,11.765,13.25,13.293,0,0,kill,3
1778032543.7340455,5.133,1.0,50.0,11.434,12.914,13.253,0,0,kill,3
1778032544.0361412,5.435,1.0,33.33,11.375,73.096,105.097,0,0,kill,3
1778032544.3377373,5.736,1.0,50.0,10.05,11.598,11.96,0,0,kill,3
1778032544.6394155,6.038,1.0,50.0,11.799,12.214,12.251,0,0,kill,3
1778032544.9410815,6.34,1.0,50.0,11.371,11.811,11.879,0,0,kill,3
1778032545.2427459,6.641,0.993333,50.0,11.309,16.592,17.474,0,0,kill,3
1778032545.5444257,6.943,1.0,50.0,12.606,13.878,14.758,0,0,kill,3
1778032545.846073,7.245,0.993333,50.0,12.508,12.786,12.909,0,0,kill,3
1778032546.147793,7.546,1.0,50.0,12.915,13.452,13.783,0,0,kill,3
1778032546.4495258,7.848,1.0,50.0,12.626,12.882,13.042,0,0,kill,3
1778032546.751204,8.15,1.0,50.0,12.831,13.338,13.682,0,0,kill,3
1778032547.0528407,8.452,1.0,50.0,13.018,13.181,13.184,0,0,kill,3
1778032547.3544407,8.753,0.993333,50.0,13.104,13.447,13.679,0,0,kill,3
1778032547.6561463,9.055,1.0,50.0,12.551,13.159,13.198,0,0,kill,3
1778032547.95769,9.356,1.0,50.0,11.276,12.266,12.651,0,0,kill,3
1778032548.2593346,9.658,1.0,50.0,12.581,13.401,13.709,0,0,kill,3
1778032548.5609148,9.96,1.0,50.0,12.951,13.311,13.502,0,0,kill,3
1778032548.8636672,10.262,1.0,50.0,13.052,16.391,16.704,0,0,kill,3
1778032549.1653574,10.564,1.0,50.0,14.364,15.828,15.927,0,0,kill,3
1778032549.4669936,10.866,1.0,50.0,13.452,14.435,15.065,0,0,kill,3
1778032549.7685254,11.167,1.0,50.0,13.17,13.654,13.668,0,0,kill,3
1778032550.0700393,11.469,1.0,50.0,12.735,13.321,13.322,0,0,kill,3
1778032550.3716655,11.77,0.993333,50.0,13.042,13.666,13.882,0,0,kill,3
1778032550.6732829,12.072,1.0,50.0,13.282,13.898,14.25,0,0,kill,3
1778032550.9749675,12.374,1.0,50.0,12.958,13.318,13.702,0,0,kill,3
1778032551.2764313,12.675,1.0,50.0,12.709,13.304,13.309,0,0,kill,3
1778032551.5780554,12.977,1.0,50.0,12.876,13.23,13.286,0,0,kill,3
1778032551.8797143,13.278,1.0,50.0,12.909,13.471,13.526,0,0,kill,3
1778032552.181362,13.58,1.0,50.0,12.778,13.635,13.91,0,0,kill,3
1778032552.4840283,13.883,1.0,50.0,11.269,12.779,12.912,0,0,kill,3
1778032552.7859664,14.185,1.0,50.0,12.839,13.4,13.549,0,0,kill,3
1778032553.0885127,14.487,1.0,50.0,13.143,13.959,14.035,0,0,kill,3
1778032553.3904102,14.789,1.0,53.33,12.707,13.47,13.904,0,0,kill,3
1778032553.6920435,15.091,1.0,46.67,13.191,13.36,13.386,0,0,kill,3
1778032553.9946146,15.393,1.0,53.33,12.744,15.311,17.642,0,0,kill,3
1778032554.296248,15.695,1.0,50.0,12.814,13.226,13.395,0,0,kill,3
1778032554.597769,15.996,0.993333,50.0,12.692,13.249,13.401,0,0,kill,3
1778032554.8993127,16.298,1.0,50.0,12.658,13.145,13.39,0,0,kill,3
1778032555.2011256,16.6,1.0,46.67,13.09,14.074,14.205,0,0,kill,3
1778032555.50262,16.901,1.0,53.33,12.737,13.5,14.554,0,0,kill,3
1778032555.8041668,17.203,1.0,50.0,12.449,13.167,13.28,0,0,kill,3
1778032556.1056376,17.504,1.0,50.0,12.506,13.461,13.567,0,0,kill,3
1778032556.4071662,17.806,0.993333,50.0,10.872,11.745,12.367,0,0,kill,3
1778032556.7087433,18.107,0.993333,50.0,12.652,12.901,12.913,0,0,kill,3
1778032557.0102487,18.409,1.0,50.0,12.871,13.247,13.323,0,0,kill,3
1778032557.3121243,18.711,1.0,46.67,13.004,13.388,13.641,0,0,kill,3
1778032557.6141646,19.013,1.0,50.0,13.411,14.576,14.769,0,0,kill,3
1778032557.915761,19.314,0.99375,53.33,13.412,18.874,19.564,0,0,kill,3
1778032558.2172732,19.616,1.0,50.0,12.777,13.167,13.186,0,0,kill,3
1778032558.5187845,19.917,0.993333,50.0,12.683,14.172,15.547,0,0,kill,3
1778032558.8203113,20.219,0.993333,50.0,12.634,13.884,14.008,0,0,kill,3
1778032559.1241364,20.523,1.0,46.67,12.324,13.938,15.386,0,0,kill,3
1778032559.425754,20.824,1.0,53.33,12.691,14.639,17.134,0,0,kill,3
1778032559.7272973,21.126,1.0,50.0,12.292,12.599,12.784,0,0,kill,3
1778032560.028787,21.427,1.0,50.0,12.353,12.712,12.755,0,0,kill,3
1778032560.330312,21.729,1.0,50.0,12.494,13.206,13.271,0,0,kill,3
1778032560.6318374,22.031,0.993333,50.0,12.584,13.198,13.246,0,0,kill,3
1778032560.9333565,22.332,1.0,50.0,12.156,12.775,13.064,0,0,kill,3
1778032561.23487,22.634,1.0,50.0,12.95,13.464,13.609,0,0,kill,3
1778032561.5363486,22.935,1.0,50.0,12.758,12.984,13.012,0,0,kill,3
1778032561.8378556,23.237,1.0,50.0,12.569,13.778,15.055,0,0,kill,3
1778032562.1394227,23.538,1.0,50.0,12.582,12.888,13.154,0,0,kill,3
1778032562.4409163,23.84,1.0,50.0,12.466,13.44,13.549,0,0,kill,3
1778032562.742407,24.141,1.0,50.0,13.174,13.746,13.75,0,0,kill,3
1778032563.043933,24.443,1.0,50.0,12.352,13.646,14.127,0,0,kill,3
1778032563.3454704,24.744,0.993333,50.0,12.51,13.072,13.389,0,0,kill,3
1778032563.6469917,25.046,0.993333,50.0,13.114,13.5,13.567,0,0,kill,3
1778032563.9485059,25.347,0.986667,50.0,12.382,13.56,14.042,0,0,kill,3
1778032564.2500224,25.649,0.993333,50.0,12.33,12.749,12.96,0,0,kill,3
1778032564.551592,25.95,1.0,50.0,12.487,12.973,13.08,0,0,kill,3
1778032564.8530989,26.252,1.0,50.0,12.574,12.872,13.016,0,0,kill,3
1778032565.1553576,26.554,1.0,50.0,12.863,14.622,14.638,0,0,kill,3
1778032565.4570026,26.856,1.0,50.0,12.787,13.173,13.369,0,0,kill,3
1778032565.758536,27.157,1.0,50.0,12.616,12.936,12.978,0,0,kill,3
1778032566.0601394,27.459,0.993333,50.0,12.902,13.39,13.394,0,0,kill,3
1778032566.3616881,27.76,1.0,50.0,12.581,12.957,12.971,0,0,kill,3
1778032566.6632056,28.062,1.0,50.0,12.713,12.848,12.852,0,0,kill,3
1778032566.9647708,28.363,1.0,50.0,12.79,13.081,13.233,0,0,kill,3
1778032567.2662961,28.665,0.993333,50.0,12.158,12.522,12.557,0,0,kill,3
1778032567.567858,28.967,1.0,50.0,12.49,12.841,12.95,0,0,kill,3
1778032567.8693788,29.268,0.993333,50.0,12.341,12.684,12.831,0,0,kill,3
1778032568.1708927,29.57,1.0,50.0,10.884,12.77,12.891,0,0,kill,3
1778032568.4724195,29.871,0.993333,50.0,11.177,12.979,13.346,0,0,kill,3
1778032568.7736669,30.172,1.0,50.0,10.967,11.305,11.323,0,1,kill,3
1778032569.0751495,30.474,1.0,50.0,11.37,12.875,12.945,0,1,kill,3
1778032569.3766513,30.775,1.0,50.0,12.567,13.004,13.158,0,1,kill,3
1778032569.678257,31.077,0.993333,50.0,12.846,13.321,13.366,0,1,kill,3
1778032569.9798589,31.379,1.0,50.0,12.702,13.192,13.411,0,1,kill,3
1778032570.2814424,31.68,1.0,50.0,12.608,13.148,13.529,0,1,kill,3
1778032570.5830514,31.982,1.0,50.0,12.871,13.166,13.307,0,1,kill,3
1778032570.8846037,32.283,1.0,50.0,12.864,13.132,13.359,0,1,kill,3
1778032571.186233,32.585,1.0,50.0,13.135,13.458,13.515,0,1,kill,3
1778032571.4878156,32.886,1.0,50.0,12.557,13.318,13.329,0,1,kill,3
1778032571.789328,33.188,1.0,50.0,12.991,13.36,13.46,0,1,kill,3
1778032572.0908663,33.49,1.0,50.0,12.995,13.302,13.518,0,1,kill,3
1778032572.392327,33.791,1.0,50.0,12.35,12.828,12.896,0,1,kill,3
1778032572.6938345,34.093,0.986667,50.0,12.393,12.961,13.189,0,1,kill,3
1778032572.9953873,34.394,1.0,50.0,11.103,13.118,13.374,0,1,kill,3
1778032573.2968855,34.696,1.0,50.0,12.218,12.701,12.971,0,1,kill,3
1778032573.598394,34.997,1.0,50.0,12.271,12.792,12.804,0,1,kill,3
1778032573.899952,35.299,1.0,50.0,12.514,13.172,13.354,0,1,kill,3
1778032574.2014427,35.6,0.993333,50.0,12.35,12.935,13.083,0,1,kill,3
1778032574.5029414,35.902,1.0,50.0,12.39,12.745,13.025,0,1,kill,3
1778032574.8043582,36.203,0.993333,50.0,12.434,13.636,14.979,0,1,kill,3
1778032575.105884,36.505,1.0,50.0,11.103,13.085,13.093,0,1,kill,3
1778032575.4074326,36.806,0.993333,50.0,11.088,11.362,11.604,0,1,kill,3
1778032575.709653,37.108,1.0,50.0,11.106,13.304,13.55,0,1,kill,3
1778032576.011292,37.41,1.0,50.0,11.084,12.073,12.682,0,1,kill,3
1778032576.312803,37.711,1.0,50.0,11.132,11.776,12.039,0,1,kill,3
1778032576.6143217,38.013,1.0,50.0,11.181,11.966,12.51,0,1,kill,3
1778032576.9158998,38.315,1.0,50.0,12.681,13.303,13.37,0,1,kill,3
1778032577.2174127,38.616,1.0,50.0,12.969,13.282,13.433,0,1,kill,3
1778032577.518931,38.918,1.0,50.0,12.588,13.221,13.365,0,1,kill,3
1778032577.8204484,39.219,1.0,50.0,11.163,12.866,13.214,0,1,kill,3
1778032578.1219783,39.521,0.986667,50.0,11.15,11.614,11.682,0,1,kill,3
1778032578.4235628,39.822,1.0,50.0,12.325,13.069,13.069,0,1,kill,3
1778032578.7250717,40.124,0.993333,50.0,12.788,13.128,13.287,0,1,kill,3
1778032579.0266018,40.425,1.0,50.0,12.691,14.696,17.624,0,1,kill,3
1778032579.3281784,40.727,1.0,50.0,12.847,13.212,13.332,0,1,kill,3
1778032579.629744,41.028,0.993333,50.0,12.764,13.208,13.441,0,1,kill,3
1778032579.931324,41.33,1.0,50.0,12.612,13.049,13.154,0,1,kill,3
1778032580.2328594,41.632,1.0,50.0,12.332,12.879,13.225,0,1,kill,3
1778032580.5343783,41.933,1.0,50.0,12.642,13.158,13.165,0,1,kill,3
1778032580.8366246,42.235,1.0,50.0,12.817,14.671,16.384,0,1,kill,3
1778032581.138236,42.537,0.993333,50.0,12.535,13.223,13.367,0,1,kill,3
1778032581.4397879,42.838,1.0,50.0,12.673,13.364,13.391,0,1,kill,3
1778032581.7413144,43.14,1.0,50.0,12.856,13.323,13.53,0,1,kill,3
1778032582.042844,43.442,1.0,50.0,12.489,13.03,13.119,0,1,kill,3
1778032582.3443096,43.743,1.0,50.0,12.396,12.982,13.002,0,1,kill,3
1778032582.6458304,44.045,1.0,50.0,12.563,12.914,12.951,0,1,kill,3
1778032582.9473615,44.346,1.0,50.0,12.216,12.613,13.003,0,1,kill,3
1778032583.2488608,44.648,1.0,50.0,12.598,13.023,13.027,0,1,kill,3
1778032583.5503774,44.949,0.993333,50.0,12.246,12.907,13.247,0,1,kill,3
1778032583.8519354,45.251,1.0,50.0,12.677,13.021,13.181,0,1,kill,3
1778032584.1534953,45.552,0.986667,50.0,12.719,13.166,13.281,0,1,kill,3
1778032584.4550312,45.854,0.993333,50.0,12.797,13.314,13.478,0,1,kill,3
1778032584.7565434,46.155,0.993333,50.0,12.949,13.252,13.377,0,1,kill,3
1778032585.0580168,46.457,1.0,50.0,13.007,13.741,13.751,0,1,kill,3
1778032585.359911,46.759,1.0,46.67,13.404,14.545,14.619,0,1,kill,3
1778032585.661715,47.06,1.0,53.33,13.634,15.636,15.944,0,1,kill,3
1778032585.9632084,47.362,1.0,50.0,12.46,13.227,13.893,0,1,kill,3
1778032586.2654006,47.664,1.0,50.0,11.151,13.277,13.808,0,1,kill,3
1778032586.5670214,47.966,1.0,50.0,12.549,12.812,12.939,0,1,kill,3
1778032586.8685288,48.267,1.0,50.0,12.763,13.817,13.933,0,1,kill,3
1778032587.170049,48.569,1.0,50.0,12.525,12.931,12.975,0,1,kill,3
1778032587.471588,48.87,1.0,50.0,12.417,13.013,13.113,0,1,kill,3
1778032587.7731204,49.172,1.0,50.0,10.552,13.027,13.062,0,1,kill,3
1778032588.0746508,49.473,1.0,50.0,13.068,13.357,13.585,0,1,kill,3
1778032588.376196,49.775,1.0,50.0,12.485,13.37,13.495,0,1,kill,3
1778032588.6777196,50.076,0.993333,50.0,12.594,12.985,13.118,0,1,kill,3
1778032588.9792802,50.378,1.0,50.0,12.966,13.483,13.847,0,1,kill,3
1778032589.280804,50.679,1.0,50.0,12.45,13.221,13.909,0,1,kill,3
1778032589.582326,50.981,1.0,50.0,12.538,12.909,13.259,0,1,kill,3
1778032589.8838756,51.283,1.0,50.0,11.183,12.898,13.0,0,1,kill,3
1778032590.1854217,51.584,1.0,50.0,12.542,13.014,13.099,0,1,kill,3
1778032590.486948,51.886,1.0,50.0,12.721,13.027,13.307,0,1,kill,3
1778032590.7884252,52.187,0.993333,50.0,12.607,13.007,13.198,0,1,kill,3
1778032591.0899541,52.489,1.0,50.0,12.629,13.119,13.163,0,1,kill,3
1778032591.3915215,52.79,1.0,50.0,12.688,13.038,13.085,0,1,kill,3
1778032591.6937983,53.092,1.0,50.0,12.9,14.272,15.514,0,1,kill,3
1778032591.9954658,53.394,1.0,50.0,12.132,12.788,12.796,0,1,kill,3
1778032592.296976,53.696,1.0,50.0,12.704,13.165,13.227,0,1,kill,3
1778032592.598553,53.997,1.0,50.0,12.732,13.336,13.353,0,1,kill,3
1778032592.9001615,54.299,0.993333,50.0,13.119,13.678,13.688,0,1,kill,3
1778032593.201722,54.6,1.0,50.0,13.134,13.582,13.672,0,1,kill,3
1778032593.5032785,54.902,0.993333,50.0,13.058,13.627,13.71,0,1,kill,3
1778032593.8047843,55.203,1.0,50.0,12.402,13.263,13.475,0,1,kill,3
1778032594.1063757,55.505,0.993333,50.0,12.733,13.718,13.868,0,1,kill,3
1778032594.407939,55.807,0.993333,50.0,13.358,14.031,14.098,0,1,kill,3
1778032594.7095113,56.108,1.0,50.0,13.218,13.827,14.173,0,1,kill,3
1778032595.0110486,56.41,1.0,50.0,12.781,13.246,13.546,0,1,kill,3
1778032595.3126032,56.711,0.993333,50.0,13.202,13.581,13.801,0,1,kill,3
1778032595.6141036,57.013,0.993333,50.0,12.923,13.575,13.892,0,1,kill,3
1778032595.915634,57.314,0.993333,50.0,12.265,12.793,12.811,0,1,kill,3
1778032596.217146,57.616,1.0,50.0,12.228,12.644,12.751,0,1,kill,3
1778032596.5186577,57.917,1.0,50.0,12.334,13.294,13.841,0,1,kill,3
1778032596.8202353,58.219,1.0,50.0,13.301,13.732,13.867,0,1,kill,3
1778032597.122461,58.521,0.993333,50.0,13.167,15.175,17.798,0,1,kill,3
1778032597.424108,58.823,1.0,50.0,12.96,13.115,13.115,0,1,kill,3
1778032597.7256868,59.124,1.0,50.0,12.814,13.21,13.377,0,1,kill,3
1778032598.0272305,59.426,1.0,50.0,13.019,16.624,19.08,0,1,kill,3
1778032598.3287742,59.727,1.0,50.0,12.851,13.314,13.43,0,1,kill,3
1778032598.6302946,60.029,1.0,50.0,13.04,13.429,13.802,0,1,kill,3
1778032598.9318476,60.331,1.0,50.0,11.58,13.09,13.116,0,1,kill,3
1778032599.2333663,60.632,1.0,50.0,11.621,12.875,13.169,0,1,kill,3
1778032599.5348902,60.934,0.993333,50.0,12.919,13.271,13.501,0,1,kill,3
1778032599.8364046,61.235,1.0,50.0,11.036,12.929,12.991,0,1,kill,3
1778032600.1379294,61.537,1.0,50.0,12.421,13.467,13.662,0,1,kill,3
1778032600.4395025,61.838,0.993333,50.0,12.83,13.127,13.293,0,1,kill,3
1778032600.741029,62.14,1.0,50.0,12.685,13.081,13.48,0,1,kill,3
1778032601.0425556,62.441,1.0,50.0,12.487,13.256,13.267,0,1,kill,3
1778032601.3454168,62.744,1.0,46.67,12.797,13.956,14.861,0,1,kill,3
1778032601.6469831,63.046,1.0,53.33,12.968,14.681,17.4,0,1,kill,3
1778032601.9483511,63.347,1.0,50.0,10.846,12.884,13.065,0,1,kill,3
1778032602.2505586,63.649,1.0,50.0,10.996,13.819,13.862,0,1,kill,3
1778032602.5522015,63.951,1.0,50.0,11.037,12.747,12.898,0,1,kill,3
1778032602.853715,64.252,1.0,50.0,12.312,12.64,12.694,0,1,kill,3
1778032603.155213,64.554,1.0,50.0,10.614,10.944,11.071,0,1,kill,3
1778032603.4567544,64.855,1.0,50.0,10.925,12.815,12.929,0,1,kill,3
1778032603.7583349,65.157,0.993333,50.0,11.225,13.078,13.267,0,1,kill,3
1778032604.0599027,65.459,1.0,50.0,12.553,13.213,13.321,0,1,kill,3
1778032604.3614104,65.76,0.993333,50.0,11.083,12.647,12.832,0,1,kill,3
1778032604.662911,66.062,0.993333,50.0,12.414,13.519,13.58,0,1,kill,3
1778032604.9643357,66.363,1.0,50.0,12.6,13.255,13.873,0,1,kill,3
1778032605.265849,66.665,1.0,50.0,13.256,13.736,13.758,0,1,kill,3
1778032605.5673978,66.966,1.0,50.0,12.344,13.457,13.542,0,1,kill,3
1778032605.8689215,67.268,1.0,50.0,12.422,13.251,13.614,0,1,kill,3
1778032606.1704147,67.569,1.0,50.0,11.123,12.646,12.813,0,1,kill,3
1778032606.471926,67.871,1.0,50.0,12.453,12.918,13.042,0,1,kill,3
1778032606.7734385,68.172,1.0,50.0,12.484,13.724,13.791,0,1,kill,3
1778032607.0749466,68.474,1.0,50.0,12.93,13.38,13.433,0,1,kill,3
1778032607.3761444,68.775,1.0,50.0,12.455,12.75,12.983,0,1,kill,3
1778032607.6776104,69.076,1.0,50.0,11.407,13.268,13.404,0,1,kill,3
1778032607.9798725,69.379,1.0,50.0,12.48,13.299,14.194,0,1,kill,3
1778032608.2814858,69.68,1.0,50.0,12.47,13.398,13.488,0,1,kill,3
1778032608.5830028,69.982,0.993333,50.0,12.572,13.164,13.508,0,1,kill,3
1778032608.884559,70.283,0.993333,50.0,12.284,12.911,12.922,0,1,kill,3
1778032609.1860588,70.585,1.0,50.0,10.953,12.307,12.336,0,1,kill,3
1778032609.4875982,70.886,1.0,50.0,12.667,12.883,12.892,0,1,kill,3
1778032609.789121,71.188,1.0,50.0,12.471,12.807,12.877,0,1,kill,3
1778032610.0906317,71.489,0.993333,50.0,12.705,13.163,13.249,0,1,kill,3
1778032610.3922248,71.791,0.993333,50.0,11.955,13.489,14.032,0,1,kill,3
1778032610.6937582,72.092,0.993333,50.0,12.61,13.332,13.345,0,1,kill,3
1778032610.9953372,72.394,1.0,50.0,12.952,13.246,13.482,0,1,kill,3
1778032611.296852,72.696,1.0,50.0,12.357,13.062,13.242,0,1,kill,3
1778032611.5983908,72.997,1.0,50.0,12.72,13.053,13.1,0,1,kill,3
1778032611.8999543,73.299,1.0,50.0,11.517,13.007,13.053,0,1,kill,3
1778032612.201542,73.6,0.993333,50.0,12.284,13.11,13.19,0,1,kill,3
1778032612.5030682,73.902,1.0,50.0,12.718,13.142,13.155,0,1,kill,3
1778032612.804424,74.203,1.0,50.0,12.78,13.202,13.389,0,1,kill,3
1778032613.106007,74.505,1.0,50.0,12.858,13.23,13.417,0,1,kill,3
1778032613.4082658,74.807,0.993333,50.0,12.899,15.2,17.991,0,1,kill,3
1778032613.7099087,75.109,1.0,50.0,12.826,13.163,13.486,0,1,kill,3
1778032614.0114527,75.41,1.0,50.0,13.016,13.523,13.674,0,1,kill,3
1778032614.312979,75.712,0.993333,50.0,12.92,13.217,13.49,0,1,kill,3
1778032614.614491,76.013,1.0,50.0,12.821,13.172,13.207,0,1,kill,3
1778032614.9160128,76.315,1.0,50.0,12.6,13.184,13.246,0,1,kill,3
1778032615.2175384,76.616,1.0,50.0,12.399,12.925,12.95,0,1,kill,3
1778032615.5190527,76.918,1.0,50.0,12.718,13.07,13.175,0,1,kill,3
1778032615.8203602,77.219,1.0,50.0,12.331,12.964,12.999,0,1,kill,3
1778032616.1218905,77.521,0.986667,50.0,12.506,13.048,13.175,0,1,kill,3
1778032616.4234464,77.822,1.0,50.0,12.307,12.914,12.993,0,1,kill,3
1778032616.7249203,78.124,1.0,50.0,12.534,13.046,13.133,0,1,kill,3
1778032617.0264444,78.425,1.0,50.0,11.025,12.928,12.933,0,1,kill,3
1778032617.3280003,78.727,1.0,50.0,12.622,12.914,12.922,0,1,kill,3
1778032617.6295877,79.028,1.0,50.0,12.938,13.379,13.568,0,1,kill,3
1778032617.931119,79.33,0.993333,50.0,12.863,13.112,13.313,0,1,kill,3
1778032618.232602,79.631,1.0,50.0,12.377,13.202,13.355,0,1,kill,3
1778032618.534837,79.934,1.0,50.0,12.952,14.873,16.858,0,1,kill,3
1778032618.836439,80.235,1.0,50.0,13.042,13.373,13.492,0,1,kill,3
1778032619.1379426,80.537,1.0,50.0,12.411,12.702,12.95,0,1,kill,3
1778032619.4394934,80.838,1.0,50.0,12.437,12.676,12.713,0,1,kill,3
1778032619.7410073,81.14,1.0,50.0,12.584,13.229,13.516,0,1,kill,3
1778032620.0425084,81.441,1.0,50.0,12.407,13.117,13.235,0,1,kill,3
1778032620.3440735,81.743,1.0,50.0,12.549,12.972,12.997,0,1,kill,3
1778032620.645593,82.044,1.0,50.0,12.499,13.028,13.103,0,1,kill,3
1778032620.9471843,82.346,1.0,50.0,11.434,12.999,13.054,0,1,kill,3
1778032621.248723,82.647,1.0,50.0,12.855,13.53,13.571,0,1,kill,3
1778032621.5502477,82.949,1.0,50.0,12.387,13.242,13.478,0,1,kill,3
1778032621.8518255,83.251,1.0,50.0,12.858,13.235,13.287,0,1,kill,3
1778032622.1533554,83.552,1.0,50.0,12.265,12.857,13.008,0,1,kill,3
1778032622.4548795,83.854,1.0,50.0,11.123,13.196,13.569,0,1,kill,3
1778032622.7563715,84.155,0.993333,50.0,10.882,11.08,11.087,0,1,kill,3
1778032623.0578978,84.457,1.0,50.0,11.165,13.091,13.31,0,1,kill,3
1778032623.359465,84.758,1.0,50.0,12.416,12.861,12.926,0,1,kill,3
1778032623.660963,85.06,1.0,50.0,12.631,12.946,12.973,0,1,kill,3
1778032623.963181,85.362,1.0,50.0,12.493,14.38,16.768,0,1,kill,3
1778032624.2647996,85.663,0.993333,50.0,11.731,13.371,13.49,0,1,kill,3
1778032624.5663083,85.965,1.0,50.0,12.838,13.212,13.46,0,1,kill,3
1778032624.8678741,86.267,1.0,50.0,12.723,13.052,13.069,0,1,kill,3
1778032625.1694052,86.568,1.0,50.0,12.682,12.951,13.058,0,1,kill,3
1778032625.4709196,86.87,1.0,50.0,13.069,13.619,13.713,0,1,kill,3
1778032625.7724338,87.171,1.0,50.0,12.664,13.255,13.399,0,1,kill,3
1778032626.0739555,87.473,0.993333,50.0,12.59,12.972,13.215,0,1,kill,3
1778032626.3755085,87.774,1.0,50.0,12.706,16.988,19.213,0,1,kill,3
1778032626.6770139,88.076,1.0,50.0,11.118,11.598,11.639,0,1,kill,3
1778032626.9785447,88.377,1.0,50.0,12.919,13.329,13.415,0,1,kill,3
1778032627.2800937,88.679,1.0,50.0,12.997,13.228,13.242,0,1,kill,3
1778032627.5816214,88.98,1.0,50.0,12.664,13.379,13.656,0,1,kill,3
1778032627.8831453,89.282,1.0,50.0,12.936,13.344,13.471,0,1,kill,3
1778032628.184688,89.583,0.993333,50.0,12.473,12.908,13.105,0,1,kill,3
1778032628.4862156,89.885,1.0,50.0,12.426,12.972,13.145,0,1,kill,3
1778032628.7877684,90.186,1.0,50.0,12.413,13.011,13.078,0,1,kill,3
1778032629.0893445,90.488,1.0,50.0,12.274,13.24,13.565,0,1,kill,3
1778032629.3915896,90.79,1.0,50.0,12.966,15.112,16.841,0,1,kill,3
1778032629.6931841,91.092,1.0,50.0,12.74,13.215,13.404,0,1,kill,3
1778032629.99474,91.393,0.993333,50.0,12.838,13.285,13.453,0,1,kill,3
1778032630.2962666,91.695,0.993333,50.0,12.202,12.741,13.2,0,1,kill,3
1778032630.597764,91.996,0.993333,50.0,11.061,12.489,12.541,0,1,kill,3
1778032630.8993108,92.298,1.0,50.0,12.574,12.818,12.892,0,1,kill,3
1778032631.2007966,92.599,1.0,50.0,12.647,13.287,13.58,0,1,kill,3
1778032631.502318,92.901,1.0,50.0,12.806,13.516,13.588,0,1,kill,3
1778032631.8038886,93.203,1.0,50.0,12.527,12.95,13.007,0,1,kill,3
1778032632.1054018,93.504,1.0,50.0,12.588,12.835,13.055,0,0,kill,3
1778032632.4069402,93.806,1.0,50.0,12.576,13.276,13.414,0,0,kill,3
1778032632.7083247,94.107,1.0,50.0,12.797,13.175,13.335,0,0,kill,3
1778032633.0098066,94.408,1.0,50.0,12.429,13.003,13.144,0,0,kill,3
1778032633.3113441,94.71,0.993333,50.0,12.785,13.043,13.085,0,0,kill,3
1778032633.61281,95.011,1.0,50.0,10.876,12.605,12.744,0,0,kill,3
1778032633.9143357,95.313,1.0,50.0,13.016,13.313,13.644,0,0,kill,3
1778032634.215895,95.615,0.993333,50.0,11.142,13.077,13.301,0,0,kill,3
1778032634.5180695,95.917,1.0,50.0,12.498,14.872,17.56,0,0,kill,3
1778032634.8197377,96.218,1.0,50.0,12.15,13.029,13.285,0,0,kill,3
1778032635.1212392,96.52,1.0,50.0,12.294,12.896,12.964,0,0,kill,3
1778032635.422736,96.821,1.0,50.0,12.272,13.18,13.436,0,0,kill,3
1778032635.7242773,97.123,1.0,50.0,12.682,13.441,13.474,0,0,kill,3
1778032636.0257957,97.424,1.0,50.0,12.747,13.068,13.104,0,0,kill,3
1778032636.3273652,97.726,1.0,50.0,12.982,13.974,14.994,0,0,kill,3
1778032636.6288774,98.028,1.0,50.0,11.843,13.264,13.332,0,0,kill,3
1778032636.9303706,98.329,1.0,50.0,10.738,13.084,13.088,0,0,kill,3
1778032637.2319186,98.631,1.0,50.0,12.479,13.055,13.057,0,0,kill,3
1778032637.5334322,98.932,0.986667,50.0,12.933,13.27,13.286,0,0,kill,3
1778032637.8349411,99.234,1.0,50.0,12.9,13.317,13.387,0,0,kill,3
1778032638.1364086,99.535,1.0,50.0,12.008,13.196,13.198,0,0,kill,3
1778032638.4379516,99.837,1.0,50.0,11.76,13.818,13.914,0,0,kill,3
1778032638.7395327,100.138,0.993333,50.0,12.556,13.437,13.45,0,0,kill,3
1778032639.0410433,100.44,1.0,50.0,11.303,13.094,13.522,0,0,kill,3
1778032639.3425543,100.741,0.993333,50.0,12.695,13.216,13.39,0,0,kill,3
1778032639.6440825,101.043,1.0,50.0,10.953,12.844,13.058,0,0,kill,3
1778032639.9455874,101.344,1.0,50.0,10.946,13.049,13.104,0,0,kill,3
1778032640.247844,101.647,1.0,50.0,12.568,15.461,15.771,0,0,kill,3
1778032640.5494297,101.948,1.0,50.0,10.967,12.851,13.066,0,0,kill,3
1778032640.8509374,102.25,1.0,50.0,10.972,13.18,13.451,0,0,kill,3
1778032641.152343,102.551,1.0,50.0,10.962,11.291,11.674,0,0,kill,3
1778032641.4534457,102.852,0.993333,50.0,11.563,12.738,12.989,0,0,kill,3
1778032641.754721,103.153,1.0,50.0,11.328,11.709,11.742,0,0,kill,3
1778032642.055916,103.455,0.993333,50.0,11.451,11.661,11.672,0,0,kill,3
1778032642.3574016,103.756,0.986667,50.0,12.629,13.096,13.115,0,0,kill,3
1778032642.6589985,104.058,1.0,50.0,12.668,13.112,13.441,0,0,kill,3
1778032642.9604068,104.359,1.0,50.0,12.729,13.08,13.084,0,0,kill,3
1778032643.2620277,104.661,1.0,50.0,13.075,13.417,13.525,0,0,kill,3
1778032643.5637681,104.962,0.992857,46.67,12.879,13.8,13.806,0,0,kill,3
1778032643.865581,105.264,1.0,53.33,13.03,13.996,14.873,0,0,kill,3
1778032644.1670942,105.566,0.993333,50.0,11.243,13.278,13.414,0,0,kill,3
1778032644.4684823,105.867,1.0,50.0,12.854,13.485,13.754,0,0,kill,3
1778032644.7701569,106.169,1.0,50.0,13.007,13.445,13.529,0,0,kill,3
1778032645.0717094,106.47,0.98,50.0,12.615,12.976,13.003,0,0,kill,3
1778032645.373201,106.772,0.993333,50.0,12.951,13.579,13.689,0,0,kill,3
1778032645.6754105,107.074,1.0,50.0,12.913,14.992,15.647,0,0,kill,3
1778032645.9769845,107.376,1.0,50.0,12.483,13.02,13.086,0,0,kill,3
1778032646.2784812,107.677,1.0,50.0,10.93,12.724,12.865,0,0,kill,3
1778032646.5800147,107.979,1.0,50.0,12.254,12.969,13.27,0,0,kill,3
1778032646.8815782,108.28,1.0,50.0,12.483,12.947,12.951,0,0,kill,3
1778032647.1830838,108.582,1.0,50.0,12.414,12.749,12.959,0,0,kill,3
1778032647.4846091,108.883,1.0,50.0,10.867,11.314,11.525,0,0,kill,3
1778032647.7861068,109.185,1.0,50.0,11.148,12.681,12.748,0,0,kill,3
1778032648.087625,109.486,1.0,50.0,11.571,12.512,12.555,0,0,kill,3
1778032648.3891358,109.788,1.0,50.0,11.024,11.794,12.187,0,0,kill,3
1778032648.6906512,110.089,1.0,50.0,10.987,11.421,11.523,0,0,kill,3
1778032648.992182,110.391,0.993333,50.0,11.057,11.577,11.644,0,0,kill,3
1778032649.2936883,110.692,1.0,50.0,11.22,12.385,12.389,0,0,kill,3
1778032649.5951827,110.994,1.0,50.0,10.971,12.609,12.627,0,0,kill,3
1778032649.896767,111.295,1.0,50.0,12.66,12.957,13.098,0,0,kill,3
1778032650.1983562,111.597,1.0,50.0,12.964,13.369,13.506,0,0,kill,3
1778032650.4998996,111.899,1.0,50.0,12.602,13.212,13.299,0,0,kill,3
1778032650.8014102,112.2,1.0,50.0,12.34,13.036,13.105,0,0,kill,3
1778032651.103624,112.502,0.986667,50.0,12.566,14.924,16.046,0,0,kill,3
1778032651.4052396,112.804,0.993333,50.0,12.382,12.697,12.708,0,0,kill,3
1778032651.7067494,113.105,1.0,50.0,12.82,13.2,13.508,0,0,kill,3
1778032652.0082831,113.407,1.0,50.0,12.911,13.277,13.565,0,0,kill,3
1778032652.309813,113.708,1.0,50.0,12.757,13.417,13.432,0,0,kill,3
1778032652.6113582,114.01,1.0,50.0,12.89,13.216,13.592,0,0,kill,3
1778032652.9128606,114.312,0.993333,50.0,12.593,13.215,13.39,0,0,kill,3
1778032653.2143683,114.613,1.0,50.0,12.287,12.799,12.813,0,0,kill,3
1778032653.515896,114.915,0.993333,50.0,12.415,12.795,13.013,0,0,kill,3
1778032653.8173928,115.216,1.0,50.0,12.537,13.047,13.153,0,0,kill,3
1778032654.1189108,115.518,1.0,50.0,12.257,12.814,12.944,0,0,kill,3
1778032654.4204097,115.819,1.0,50.0,12.422,12.639,12.747,0,0,kill,3
1778032654.7220256,116.121,0.992857,46.67,12.353,13.116,13.209,0,0,kill,3
1778032655.0235765,116.422,1.0,53.33,12.412,13.586,14.541,0,0,kill,3
1778032655.3250904,116.724,1.0,50.0,12.538,13.263,13.831,0,0,kill,3
1778032655.626675,117.025,1.0,50.0,12.517,13.186,13.386,0,0,kill,3
1778032655.9282176,117.327,1.0,50.0,12.782,13.337,13.441,0,0,kill,3
1778032656.2297661,117.628,0.986667,50.0,12.684,13.361,13.439,0,0,kill,3
1778032656.5320368,117.931,1.0,50.0,13.046,14.326,16.251,0,0,kill,3
1778032656.8336542,118.232,0.993333,50.0,12.851,13.193,13.471,0,0,kill,3
1778032657.1351619,118.534,1.0,50.0,12.879,13.244,13.501,0,0,kill,3
1778032657.436667,118.835,1.0,50.0,12.477,13.243,13.466,0,0,kill,3
1778032657.7381625,119.137,1.0,50.0,10.743,12.341,12.459,0,0,kill,3
1778032658.0397115,119.438,1.0,50.0,11.636,12.962,13.005,0,0,kill,3
1778032658.3412528,119.74,1.0,50.0,12.821,13.173,13.43,0,0,kill,3
1778032658.642764,120.041,1.0,50.0,12.816,13.116,13.287,0,0,kill,3
1778032658.944297,120.343,1.0,50.0,12.819,13.279,13.567,0,0,kill,3
1778032659.2458036,120.644,1.0,50.0,12.298,12.604,12.641,0,0,kill,3
1778032659.547338,120.946,1.0,50.0,12.32,12.607,12.649,0,0,kill,3
1778032659.8489072,121.248,1.0,50.0,12.59,12.949,13.051,0,0,kill,3
1778032660.1504982,121.549,1.0,50.0,12.769,13.18,13.502,0,0,kill,3
1778032660.4520473,121.851,0.993333,50.0,12.818,13.132,13.323,0,0,kill,3
1778032660.7535799,122.152,1.0,50.0,12.668,13.168,13.276,0,0,kill,3
1778032661.055096,122.454,1.0,50.0,12.755,13.058,13.16,0,0,kill,3
1778032661.3569212,122.756,1.0,46.67,12.678,13.004,13.038,0,0,kill,3
1778032661.6584594,123.057,1.0,53.33,12.856,13.637,14.615,0,0,kill,3
1778032661.9606848,123.359,1.0,50.0,12.594,14.036,14.897,0,0,kill,3
1778032662.2623029,123.661,1.0,50.0,12.93,13.158,13.43,0,0,kill,3
1778032662.5638397,123.963,0.993333,50.0,11.069,12.863,13.046,0,0,kill,3
1778032662.865349,124.264,1.0,50.0,12.7,13.157,13.2,0,0,kill,3
1778032663.166906,124.566,1.0,50.0,12.813,13.286,13.357,0,0,kill,3
1778032663.468435,124.867,1.0,50.0,11.82,12.487,12.528,0,0,kill,3
1778032663.7699559,125.169,1.0,50.0,12.626,12.94,12.947,0,0,kill,3
1778032664.0715044,125.47,1.0,50.0,12.669,13.075,13.117,0,0,kill,3
1778032664.3730133,125.772,1.0,50.0,12.996,13.321,13.602,0,0,kill,3
1778032664.6745431,126.073,1.0,50.0,12.705,13.233,13.282,0,0,kill,3
1778032664.9760764,126.375,1.0,50.0,12.473,12.793,12.803,0,0,kill,3
1778032665.2776015,126.676,0.986667,50.0,12.568,12.782,12.808,0,0,kill,3
1778032665.5791183,126.978,1.0,50.0,11.104,12.281,12.426,0,0,kill,3
1778032665.880634,127.279,1.0,50.0,11.037,11.825,12.218,0,0,kill,3
1778032666.1822054,127.581,1.0,50.0,12.523,13.411,13.442,0,0,kill,3
1778032666.4837663,127.882,1.0,50.0,12.874,13.386,13.408,0,0,kill,3
1778032666.7852519,128.184,0.993333,50.0,12.922,13.162,13.177,0,0,kill,3
1778032667.0874672,128.486,1.0,50.0,12.393,14.677,16.361,0,0,kill,3
1778032667.38908,128.788,1.0,50.0,12.47,12.846,12.898,0,0,kill,3
1778032667.6905775,129.089,1.0,50.0,11.359,12.606,12.615,0,0,kill,3
1778032667.992108,129.391,1.0,50.0,10.641,12.983,13.018,0,0,kill,3
1778032668.293636,129.692,0.993333,50.0,11.532,12.975,13.116,0,0,kill,3
1778032668.5951412,129.994,1.0,50.0,12.875,13.134,13.339,0,0,kill,3
1778032668.8966892,130.295,1.0,50.0,12.397,12.634,12.701,0,0,kill,3
1778032669.1982002,130.597,0.993333,50.0,12.526,12.853,12.919,0,0,kill,3
1778032669.4997475,130.898,1.0,50.0,12.502,12.863,13.06,0,0,kill,3
1778032669.8012424,131.2,1.0,50.0,12.457,12.869,13.199,0,0,kill,3
1778032670.1027272,131.501,1.0,50.0,11.554,12.561,12.663,0,0,kill,3
1778032670.4042392,131.803,1.0,50.0,11.607,12.561,12.571,0,0,kill,3
1778032670.705458,132.104,1.0,50.0,12.579,13.116,13.215,0,0,kill,3
1778032671.0069602,132.406,0.993333,50.0,12.586,12.951,13.089,0,0,kill,3
1778032671.3084588,132.707,1.0,50.0,11.594,12.935,12.996,0,0,kill,3
1778032671.6099586,133.009,1.0,50.0,10.708,12.613,12.727,0,0,kill,3
1778032671.9115171,133.31,1.0,50.0,10.761,11.171,11.312,0,0,kill,3
1778032672.2131212,133.612,0.993333,50.0,11.104,13.223,13.401,0,0,kill,3
1778032672.514646,133.913,1.0,50.0,12.76,13.149,13.462,0,0,kill,3
1778032672.8169553,134.216,1.0,50.0,12.532,14.083,15.321,0,0,kill,3
1778032673.1185706,134.517,0.993333,50.0,12.611,13.312,13.444,0,0,kill,3
1778032673.4201086,134.819,1.0,50.0,12.675,12.991,12.999,0,0,kill,3
1778032673.7216218,135.12,1.0,50.0,11.2,12.784,12.979,0,0,kill,3
1778032674.0231476,135.422,1.0,50.0,11.052,12.69,12.941,0,0,kill,3
1778032674.324686,135.723,1.0,50.0,12.325,12.733,12.914,0,0,kill,3
1778032674.6261995,136.025,1.0,50.0,12.411,13.076,13.13,0,0,kill,3
1778032674.9277732,136.326,1.0,50.0,12.615,13.097,13.116,0,0,kill,3
1778032675.2292452,136.628,1.0,50.0,12.426,12.781,12.818,0,0,kill,3
1778032675.5307822,136.929,1.0,50.0,12.663,13.324,13.335,0,0,kill,3
1778032675.8322997,137.231,0.993333,50.0,12.623,12.955,13.001,0,0,kill,3
1778032676.1338153,137.532,1.0,50.0,12.639,12.879,12.968,0,0,kill,3
1778032676.4353464,137.834,1.0,50.0,12.47,13.123,13.156,0,0,kill,3
1778032676.7368457,138.136,0.993333,50.0,11.003,12.7,12.835,0,0,kill,3
1778032677.0384605,138.437,1.0,50.0,12.663,12.973,12.991,0,0,kill,3
1778032677.3399916,138.739,1.0,50.0,12.496,13.038,13.328,0,0,kill,3
1778032677.641835,139.041,1.0,50.0,12.476,13.159,13.254,0,0,kill,3
1778032677.9445393,139.343,1.0,46.67,12.506,13.017,13.096,0,0,kill,3
1778032678.2462494,139.645,1.0,53.33,12.906,15.455,19.035,0,0,kill,3
1778032678.547813,139.946,1.0,50.0,12.477,12.935,13.124,0,0,kill,3
1778032678.84932,140.248,1.0,50.0,10.741,12.66,12.688,0,0,kill,3
1778032679.1508389,140.55,1.0,50.0,12.689,13.255,13.472,0,0,kill,3
1778032679.4523354,140.851,1.0,50.0,12.588,13.069,13.38,0,0,kill,3
1778032679.7539005,141.153,0.993333,50.0,12.435,12.833,12.977,0,0,kill,3
1778032680.055441,141.454,0.993333,50.0,12.398,12.919,12.95,0,0,kill,3
1778032680.3569353,141.756,1.0,50.0,12.505,12.896,12.926,0,0,kill,3
1778032680.6583767,142.057,1.0,50.0,12.444,13.075,13.106,0,0,kill,3
1778032680.959895,142.359,1.0,50.0,12.498,13.116,13.283,0,0,kill,3
1778032681.2613988,142.66,1.0,50.0,12.443,13.217,13.375,0,0,kill,3
1778032681.5629134,142.962,1.0,50.0,12.411,13.025,13.072,0,0,kill,3
1778032681.8643243,143.263,1.0,50.0,12.39,12.723,12.92,0,0,kill,3
1778032682.1658142,143.564,1.0,50.0,12.394,13.011,13.154,0,0,kill,3
1778032682.4674027,143.866,1.0,50.0,12.871,13.815,14.869,0,0,kill,3
1778032682.7688906,144.168,1.0,50.0,11.038,12.872,12.939,0,0,kill,3
1778032683.070391,144.469,1.0,50.0,10.822,11.41,11.458,0,0,kill,3
1778032683.3719335,144.771,1.0,50.0,11.095,12.947,13.088,0,0,kill,3
1778032683.673448,145.072,1.0,50.0,12.21,12.689,12.961,0,0,kill,3
1778032683.9756746,145.374,1.0,50.0,12.459,14.822,16.479,0,0,kill,3
1778032684.2772834,145.676,1.0,50.0,12.498,12.921,12.951,0,0,kill,3
1778032684.5787761,145.977,0.993333,50.0,12.542,12.771,12.835,0,0,kill,3
1778032684.8803012,146.279,1.0,50.0,10.924,11.215,11.504,0,0,kill,3
1778032685.1818316,146.581,1.0,50.0,12.648,13.686,14.17,0,0,kill,3
1778032685.4834242,146.882,1.0,50.0,12.928,13.515,13.548,0,0,kill,3
1778032685.7849085,147.184,1.0,50.0,12.78,13.057,13.146,0,0,kill,3
1778032686.0864122,147.485,1.0,50.0,12.654,13.274,13.364,0,0,kill,3
1778032686.3880563,147.787,0.993333,50.0,12.823,13.382,13.477,0,0,kill,3
1778032686.6895776,148.088,1.0,50.0,12.966,13.316,13.604,0,0,kill,3
1778032686.9910707,148.39,1.0,50.0,10.842,12.878,12.979,0,0,kill,3
1778032687.2923486,148.691,0.993333,50.0,10.99,12.826,13.052,0,0,kill,3
1778032687.5938852,148.993,1.0,50.0,12.266,12.951,13.089,0,0,kill,3
1778032687.8954825,149.294,1.0,50.0,10.989,13.061,13.307,0,0,kill,3
1778032688.196997,149.596,0.993333,50.0,12.645,13.132,13.133,0,0,kill,3
1778032688.4985676,149.897,1.0,50.0,12.765,13.404,13.726,0,0,kill,3
1778032688.8002183,150.199,1.0,50.0,12.56,13.234,13.299,0,0,kill,3
1778032689.102447,150.501,1.0,50.0,12.867,15.564,15.685,0,0,kill,3
1778032689.404081,150.803,1.0,50.0,12.776,12.972,13.021,0,0,kill,3
1778032689.705598,151.104,1.0,50.0,12.607,13.427,13.437,0,0,kill,3
1778032690.007085,151.406,1.0,50.0,12.391,12.853,12.924,0,0,kill,3
1778032690.3083136,151.707,1.0,50.0,12.418,13.113,13.408,0,0,kill,3
1778032690.6098137,152.008,1.0,50.0,12.379,12.755,12.915,0,0,kill,3
1778032690.91133,152.31,1.0,50.0,12.356,12.703,12.744,0,0,kill,3
1778032691.2128792,152.612,1.0,46.67,12.41,12.786,12.818,0,0,kill,3
1778032691.5143917,152.913,0.99375,53.33,12.433,13.256,14.506,0,0,kill,3
1778032691.8159118,153.215,1.0,50.0,12.441,12.846,12.867,0,0,kill,3
1778032692.1174579,153.516,0.991667,40.0,12.402,12.738,12.794,0,0,kill,3
